station_id,name,address,postal_code,city,latitude,longitude
166,OMV - Klagenfurt Völkermarkter Straße 272,Voelkermarkter Strasse 272,9020,Klagenfurt,46.62956,14.35681
171,OMV - Ansfelden Traunuferstraße 108,Traunuferstrasse 108,4052,Ansfelden,48.21607,14.27936
172,OMV - Attnang-Puchheim Salzburger Straße 91,Salzburger Strasse 91,4800,Attnang-Puchheim,48.00541,13.70937
175,avanti - Kufstein Schubertstraße 20,Schubertstrasse 20,6330,Kufstein,47.58636,12.16222
177,OMV - Wels Eisenfeldstraße 2,Eisenfeldstrasse 2,4600,Wels,48.16575,14.0391
181,OMV - Schwarzach Salzburger Straße 52,Salzburger Strasse 52,5620,Schwarzach,47.32019,13.14384
182,OMV - Salzburg Alpenstraße 106,Alpenstrasse 106,5020,Salzburg,47.77622,13.06826
187,avanti - Kirchdorf in Tirol Innsbrucker Straße 51,Innsbrucker Strasse 51,6383,Kirchdorf in Tirol,47.54417,12.44904
228,OMV - Gmunden Bahnhofstraße 42,Bahnhofstrasse 42,4810,Gmunden,47.92428,13.78782
234,avanti - Wien Wagramer Straße 179,Wagramer Strasse 179,1210,Wien,48.25964,16.45031
257,OMV - Dobl (Kaiserwald) Autobahn A2 (Südautobahn) KM 190,Autobahn A2 (Suedautobahn) KM 190,8143,Dobl (Kaiserwald),46.95939,15.38155
259,OMV - Oberwart Grazer Straße 123,Grazer Strasse 123,7400,Oberwart,47.28297,16.18523
276,OMV - Obertrum Salzburger Straße 2,Salzburger Strasse 2,5162,Obertrum,47.93554,13.08069
284,OMV - Linz Hafenstraße 8,Hafenstrasse 8,4020,Linz,48.31554,14.30166
334,OMV - Wien Sterngasse 13,Sterngasse 13,1230,Wien,48.14891,16.33836
355,OMV - Villach Maria-Gailer-Straße 53,Maria-Gailer-Strasse 53,9500,Villach,46.60434,13.87092
361,OMV - Lienz Tiroler Straße 10,Tiroler Strasse  10,9900,Lienz,46.83095,12.77553
374,OMV - Weiden am See Parz. Nr. 2164 17-18,Parz. Nr. 2164 17-18,7100,Weiden am See,47.9375,16.85532
380,OMV - Schwaz Münchner Straße 24,Muenchner Strasse 24,6130,Schwaz,47.35044,11.70603
391,OMV - Strasshof Hauptstraße 119,Hauptstrasse 119,2231,Strasshof,48.31458,16.6256
410,OMV - Golling an der Salzach Autobahn Golling Ost 31,Autobahn Golling Ost 31,5440,Golling an der Salzach,47.58396,13.1575
450,OMV - Wolfsberg Klagenfurter Straße 16,Klagenfurter Strasse 16,9400,Wolfsberg,46.82775,14.83911
453,avanti - Alkoven Strass 16,Strass 16,4072,Alkoven,48.28792,14.07613
457,avanti - Marchtrenk Welser Straße 53,Welser Strasse 53,4614,Marchtrenk,48.18954,14.09827
459,avanti - Thalgau Salzburger Straße 49,Salzburger Strasse 49,5303,Thalgau,47.84126,13.24865
461,OMV - Asten An der Bundesstraße 1 ca.1KM,An der Bundesstrasse 1 ca.1KM,4481,Asten,48.22243,14.40833
462,avanti - Linz Unionstraße 71a,Unionstrasse 71a,4020,Linz,48.28312,14.28828
482,OMV - Stockerau Autobahn A 22,Autobahn A 22 ,2000,Stockerau,48.38086,16.20408
488,OMV - Graz Straßganger Straße 436,Strassganger Strasse 436,8054,Graz,47.03326,15.39896
495,OMV - Braunau Salzburger Straße 99,Salzburger Strasse 99,5280,Braunau,48.24673,13.0403
1109,JVG JOHANNA - GARAGE GmbH,Johannagasse 28,1050,Wien,48.1854701,16.3473292
1111, Tankstelle Braunstingl,Drasenhofen 330,2165,Drasenhofen,48.7510538,16.6487938
1116,Treibstoffparadies,Grazerstraße 2,8522,Gr. St. Florian,46.8242704,15.3179707
1135,NNB BRUNNENTANKSTELLE,Brunnengasse 4,1160,WIEN,48.20462,16.334813
1141,Eybel GmbH BP Tankstelle,Aibl 72,8552,Eibiswald,46.681729,15.229776
1146,Heppner & Oberndorfer Bedienungstankstelle,Lastenstraße 11,4623,Gunskirchen,48.1323355,13.944564
2061,"PINK - so pink, so clever",Reitingerstrasse 1,4641,Steinhaus,48.1039304,14.0397516
2070,freie Tankstelle,Hirschegg 50,8584,Hirschegg,47.0201138,14.9572875
2075,"Autohaus Trummer, freie Tankstelle",Gnas 120,8342,Gnas,46.8706748,15.8259354
2086,Tankstelle Pein Susanne GmbH,Grazerstrasse 55,8480,Mureck,46.7063947,15.7597657
2098,Deine Tankstelle,Égelsdorf 14,8261,Sinabelkirchen,47.1208582,15.8132125
3059,TURMÖL,Bundesstraße 50,7373,Piringsdorf,47.4482398,16.4176861
3063,Karl Scheuch,"Ludwigsdorf, 23",3311,Zeillern,48.1190025,14.8063772
3071,Gutmann ENI Tankstelle,Fürstenweg 87,6020,Innsbruck,47.2622324066577,11.3727536634174
3080,Gutmann ENI Tankstelle,Sellrainer Straße 2,6175,Kematen,47.2623643,11.2637622
3081,Gutmann ENI Tankstelle,Bundesstraße 14,6068,Mils,47.2813456,11.5340622
3085,Gutmann ENI Tankstelle,Ambergstraße 40,6430,Ötztal ,47.2316892,10.8531181
3088,Gutmann ENI Tankstelle,Gewerbestraße 2,6522,Prutz,47.0914553,10.6671344
3093,Gutmann ENI Tankstelle,Industriestraße 12,6134,Vomp,47.3510889,11.7004781
4050,Gutmann ENI Tankstelle+TANKAUTOMAT,Bahnhofstraße 11,6372,Oberndorf,47.4964984,12.3882226
4051,Gutmann ENI Tankstelle,Gutenbergstraße 6,6858,Schwarzach,47.440047,9.756718
4073,Freie Tankstelle,Dr. Hans Bachmannstrasse 51a,6250,Kundl,47.4733396,11.9790487
4092,Shell,Dorfstraße 2,6450,Sölden,46.9757145,11.0111102
4101,Turmöl Quick,Millstätterstraße 21,9545,Radenthein,46.7983963,13.6962295
4104,Turmöl Quick,Triglavstraße 1,9500,Villach,46.5939688,13.8435871
4114,,Halleiner Landesstraße 30,5061,Elsbethen,47.7548456,13.0872532
4131,Freie Tankstelle,Els 30,3613,Els 30,48.4443299,15.3725413
4158,Disk,Hauptstraße 18,6511,Zams,47.1541793,10.5844558
4302,Stöckl,Mariasdorf 51,7433,Mariasdorf,47.363316,16.2407267
4303,Turmöl Sauseng Fasslberg,Weizerstraße 4,8044,Weinitzen,47.1404883,15.5238693
4305,Tankstelle Röck,Tankstelle Röck RADOCHEN 61,8484,UNTERPURKLA,46.7640327,15.9011284
4306,Diskont Gras,Bundesstraße 24,2851,Krumbach,47.5197166,16.1928661
4311,TURMÖL powered by boesch energy,Hernalser Hauptstrasse 173-175,1170,Wien,48.2231967,16.3157915
4313,TURMÖL powered by boesch energy,Baldiagasse 14a,1160,Wien,48.215105,16.3244884
4327,Diskont Tankstelle,"Malvenstrasse 3 (""Hofer-Parkplatz"")",4600,Wels West,48.1433978,13.9709846
4330,Hausberger Nahversorgung,Hiesbach 95,3365,Allhartsberg,48.028834,14.838248
4340,Diskont Tankstelle,"Bundesstrasse 23 (""Hofer-Parkplatz"")",5600,St. Johann,47.3569941,13.1971638
4342,Diskont Tankstelle,"Hermann-Gmeiner-Strasse 14 (""Hofer-Parkplatz"")",9990,Nussdorf,46.8275812,12.8150528
4343,Diskont Tankstelle,"St. Anna Weg 23  (""Hofer-Parkplatz"")",6830,Rankweil,47.2726837,9.6079338
4344,Diskont Tankstelle,"Gmeinstrasse 4 (""Hofer-Parkplatz"")",8055,Graz,47.0298178,15.4381637
4348,eni,Floragasse 7a,1040,Wien,48.1943861,16.3680232
4359,Tanke Blaguss,Wiener Straße 26,7350,Oberpullendorf,47.5086025,16.5037784
4368,O-Tank,Haupstrasse 23,7032,Sigless,47.7744266,16.3943503
4385,iQ,Kammerbach 36,3683,Yspertal,48.3313114,15.0615705
4405,Diskont Tankstelle,"Ossiacher see strasse (""Hofer""-Parkplatz)",9521,Treffen,46.652264,13.874552
4408,ENI,Mureckerstrasse 31,8083,St .Stefan/R,46.9010157,15.7137303
4427,PETERSCHELKA Diskont Bedienungstankstelle,Bahnstrasse 2,2214,Auersthal,48.3712274,16.641593
5093,Turmöl Tankstelle,Margaretenstrasse 28,1040,Wien,48.1962250998788,16.3648216561744
6052,Turmöl,Grazerstraße 23,8644,Mürzhofen,47.4831657,15.3932053
6066,ENI AUSTRIA,wilfersdorf 104,8200,gleisdorf,47.1051531,15.6766397
6070,TANKEnergie Ringgarage,Untere Viaduktgasse 47-49,1030,Wien,48.2066605,16.3873229
6074,Turmöl-Tankstelle beim Interspar,Industriezeile 78,4020,Linz,48.3004302,14.3206244
6075,Turmöl-Tankstelle Welserstr. 54,Welserstr. 54,4614,Marchtrenk,48.1900558693538,14.099838002891
6083,Turmöl Quick,Währinger Gürtel 116,1090,Wien,48.2266238,16.3504673
6093,Lagerhaus Altmünster,Großalmstraße 24,4813,Altmünster,47.887313,13.760194
6117,"BELLINGER, freie Tankstelle",Unterschwendt 46,6385,Schwendt bei Kössen,47.6481,12.4044
6143,Genol Landring: Additiv -B0 Diesel ,Stubenberg 68,8223,Stubenberg,47.238369,15.797347
6151,Turmöl,Bundesstraße 1,7503,Jabing,47.24862,16.2948446
6160,M&S Brennstoffhandels GmbH,Mariazellerstr. 110,8624,Au bei Turnau,47.5720344,15.31411
6162,Schwaighofer Johann,Schattau 70,5442,Rußbach,47.5891118,13.4641191
6174,TROPPER-GRINSCHGL - KFZ-Prüffstelle,Kronnersdorf 16,8345,Straden,46.8054956,15.8500188
6176,FILLUP 24 h - 5500,Molkereistraße 10,5500,Bischofshofen,47.4132863025724,13.2183000160912
6210,Pamer GmbH,Wirtschaftsweg 2,2424,Zurndorf,47.9839221,17.0054015
6211,Lagerhaus-Genol,Bundesstraße 29,7093,Jois,47.9649077,16.7972276
6217,Lagerhaus-Genol,Triftstraße 24,7121,Weiden,47.9276196,16.874917
6221,Lagerhaus-Genol,Weinberggasse 1,7141,Podersdorf,47.8565454,16.8368875
6225,Lagerhaus-Genol,Andauerstraße 1,7131,Halbturn,47.8702538,16.9760281
6226,Lagerhaus-Genol,Rübenplatz 1,7161,St Andrae,47.7806754,16.9475997
6228,Lagerhaus-Genol,Lagerplatz 2,7162,Tadten,47.7637837,16.9905274
6232,Lagerhaus-Genol,Bahnstraße 115,7151,Wallern,47.7351682,16.9296436
6243,i-diskont Menhart - Tankstelle mit Bedienung,Untere Landstraße 288,3511,Furth/G.,48.3769549,15.6103479
6325,Walter,Unterauersbach 8,8342,Unterauersbach,46.86577,15.77547
6351,Land lebt auf,Ökodorfstraße 2,3384,Groß Sierning,48.194358,15.461712
6368,Salchenegger,Leopersdorf 21,8650,Kindberg,47.493491,15.428084
6397,GENOL - Lagerhaus,Bahnstraße 21,2563,Pottenstein,47.963018,16.0883929
6399,GENOL - Lagerhaus,Neusiedlerstraße 4,2763,Pernitz,47.8942212,15.9548225
6405,GENOL - Lagerhaus,Winzerstraße 382,2722,Winzendorf,47.8129554,16.1124555
6407,Freie Tankstelle Nockenstein,Wolfgangseestraße 35,5023,Koppl,47.8203145,13.1112882
6408,GENOL - Lagerhaus,Lokalbahnstraße 13,2620,Neunkirchen,47.7248325,16.0828276
6412,GENOL - Lagerhaus,Sägemühle 2,2851,Krumbach,47.5032608,16.2044289
6422,GENOL - Lagerhaus,Ofenbachstraße,2821,Lanzenkirchen,47.742137,16.240472
6441,Torrefina Gmbh.,Schottenfeldgasse 94,1070,Wien,48.2071479,16.343487
6444,GENOL - Lagerhaus,Wienerstraße 95a,2700,Wr. Neustadt,47.8296057,16.2439872
6453,GENOL - Lagerhaus,Lagerhausstraße 1,2842,Thomasberg,47.6028673,16.1186639
6475,KFZ SIMON  -  Pinkafeld,Wienerstraße 72,7423,Pinkafeld,47.381353,16.120446
6607,Diesel-Klösch,Mostbauerstrasse 3,8530,Deutschlandsberg,46.8271642,15.2361085
6612,ENI,Dorf 23d,6210,Wiesing,47.4034807,11.8032194
6626,ENI,Wiener Strasse 28-30,7442,Lockenhaus,47.4104932,16.4151537
6631,Tankstelle Pein Susanne GmbH,Halbenrain 65,8492,Halbenrain,46.720916,15.9515928
6637,Eni Service Station,Mattseer Landesstr. 4,5161,Elixhausen,47.8596157,13.059111
6661,Toms Kfz Teile,Wildendürnbach 110,2164,Wildendürnbach,48.756557,16.501615
6664,Diskont-Tankstelle,Hauptstraße 121,7022,Schattendorf,47.712072,16.512151
6673,Beiskammer,Kirchham 18,4656,Kirchham,47.9718766,13.8992497
6684,Genol LGH Waldhausen_(-TKK Abschlag),Markt 94,4391,Waldhausen,48.2722,14.9508179
7558,Lagerhaus,Bahnstrasse 3,9330,Treibach/Althofen,46.8654084,14.4650033
7569,Tankstelle Lichtenegg,Hauptstraße 13,2813,Lichtenegg,47.600766,16.196637
7586,Landestankstelle Rdf. Partner Luisser,Grazer Straße 34,7571,Rudersdorf,47.055172,16.1089281
7588,IQ-Tankstelle,Texing 15,3242,Texing,48.0481119,15.3226548
7593,Tankstelle Schaller,Bergwerkstraße 33,6130,Schwaz,47.3596855,11.7227999
7611,TK Tankstellen GmbH,Bremschlstrasse 37,6706,Bürs,47.1478021,9.8192284
7620,Loacker Tours GmbH (Diesel + Super95),Bundesstraße 17,6842,Koblach,47.323657,9.6285154
7622,Lagerhaus,Industriestrasse 3,9524,Villach/St.Magdalen,46.6167792,13.8792305
7623,Diskont Mold,Zwettler Strasse 17,3542,Gföhl,48.5172551,15.4870204
7624,Dieselkraftstoff,Kehrgasse 71,8793,Trofaiach,47.419478,15.001466
7632,Bikerschani Discount,Patzmannsdorf 74,2153,Patzmannsdorf,48.6378755,16.2810035
7644,Gruber Diesel,Industriepark 1,8772,Traboch - Timmersdorf,47.3724078,14.9887659
7645,Plose A Oil,Innstrasse 13,6122,Fritzens,47.3012592,11.5923631
7646,TURMÖL,Wolfgangseestr. 21,5330,Fuschl am See,47.7957313,13.304742
7670,DIEWO Diskonttankstelle,Siggstrasse 2,4611,Buchkirchen,48.2260233,14.0280795
7685,Diskonttankstelle Jandl,Dassanowskyweg 12,1220,Wien,48.2660299,16.4620288
7690,Amort Tankstelle,Zugspitzstraße 19,6632,Ehrwald,47.4104444,10.9156661
7691,BP,Alpenstraße 111,5081,Anif,47.7364617,13.0506985
7694,BP,Bundesstraße 2,5600,St. Johann,47.3343734,13.189367
7702,Unser Lagerhaus St. Johann,Bahnhofstraße 28,6380,St. Johann/Tirol,47.5199377,12.4319425
7704,Shell,Mandlingstraße 8,8974,Mandling,47.40410246,13.57432991
7706,LMEnergy Express,Salzachtalbundesstraße 111,5081,Anif,47.7313262,13.0641858
7715,Freie Tankstelle,Hauptstraße 23,4872,Neukirchen a.d.Vöckla,48.041374966167,13.5377759369988
7724,BP,Reichenauer Straße 149,6020,Innsbruck,47.2738154,11.4281608
7727,Geist Transporte,Widum 235,6934,Sulzberg,47.5205385,9.9094319
7730,Geist Transporte,Fahl 125,6934,Sulzberg,47.514998,9.86411
7734,BP,Montafonerstraße 29,6700,Bludenz,47.140981,9.833898
7752,Magistrat Stadt Villach,St. Johanner Straße 20,9500,Villach,46.6113273,13.8330066
7806,Eibl Werner,Gaißau 155,5425,Krispl,47.7120404,13.194849
7812,Vivod GmbH,Laaberstrasse 1,2384,Breitenfurt,48.1381917,16.2038779
7818,Posauner Petrol,Klamm 14A,5621,St. Veit im Pongau,47.2976853,13.081528
7820,car&care Tankstelle Konrad Service-Center,Triester Straße 219,8073,Feldkirchen,46.9938723,15.4548317
7825,Unser Lagerhaus,Duilestr. 20,6020,Innsbruck,47.2533315,11.3942247
7842,Diesel,Lagerhaus Rothenthurn 13,9701,Rothenthurn,46.7606041,13.5803153
7843,eni,Markt Hartmannsdorf 297,8311,Markt Hartmannsdorf,47.05449,15.84083
7854,IQ,Auen 7,8162,Passail,47.282293,15.5142528
7859,KOBRAS ... Mit Personal ...                                                                                                                                                ,Hof 270a,6951,"Lingenau,  ..  SUPER PLUS € 1,770 .. PREISINFOS - PLZ 6991 oder 6886 eingeben, ........... mehr INFOS - ANKLICKEN ...  ",47.4508201,9.9248451
7866,Freie Tankstelle Haselsberger,Stockach 38 ,6306,Söll,47.5169378,12.1971431
27300,Tankstelle Hirschbeck OG,Hauptstrasse 30,7551,Rohr,47.117957,16.164901
27321,BP,Donaufelderstr.91 ,1210,Wien,48.2532979,16.4184148
27322,BP,Erdbergstr 184,1030,Wien,48.1931587,16.4103596
27327,Lagerhaus-Tankstelle 24 h,Industriestrasse 8,5600,St.Johann,47.352315,13.197842
27331,Lagerhaus,Voelkermarkterstrasse 27,9150,Bleiburg,46.5928672,14.7947663
27332,Shell,Güssingerstraße 1,7503,Großpetersdorf,47.2301499,16.3225811
27336,Rickl Mühle,Raggendorfer Straße 1,2221,Groß Schweinbarth,48.4018614,16.6461741
27339,Lagerhaus-Tankstelle 24 h mit Waschportal,Neumarkterstrasse 1,5204,Strasswalchen,47.9568802,13.2352561
27340,Shell Tankstelle,Wiener Bundesstrasse 153,4050,Traun,48.234185,14.23294
27348,IQ Tankstelle,Gadnergasse 12,1110,Wien,48.164827,16.410579
30200,Freie Tankstelle,Wimbergeramt 49,4392,Dorfstetten,48.3289445,14.9800423
30202,Lagerhaus-Tankstelle 24 h mit Waschportal,Gewerbestrasse 3,5322,Hof,47.823327,13.200116
30210,Lagerhaus-Tankstelle 24 h,Pflegerstrasse 26,5082,Grödig,47.755252,13.036523
30215,Lagerhaus-Tankstelle 24 h,Oberer Markt 15,5661,Rauris,47.221419,12.992052
30225,Lagerhaus-Tankstelle 24 h,Grossarl 205,5611,Grossarl,47.2315176,13.1985896
30230,ENI,Grazer Straße 21,8410,Wildon,46.8900838,15.4979414
30231,TAC,Taborstraße 102-108 ,1200,Wien,48.2270659,16.3870746
30238,Lohberger,Ödenburger Straße 14 ,1210,Wien,48.27539596984909,16.397716999053955
30243,BP,Lustenauerstrasse 92,6850,Dornbirn,47.41248,9.7145355
30246,BP,Handelskai 90,1200,Wien,48.2430922,16.3843336
30251,ENI ServiceStation Nemeth,Münchnerstraße 75,6100,Seefeld,47.3351862,11.1935562
30268,eni Hochhauser,Ketzergasse 111,1230,Wien,48.1277241,16.3055531
30292,Eni,Wienerstraße 136,2020,Hollabrunn,48.5491658,16.0790025
33290,Aspöck - Freie Tankstelle,Obeltsham 29,4673,Gaspoltshofen,48.1351055,13.7281924
33291,Diesel-Benzin-Diskont Groiss ,Josef-Jessernigg-Straße 3,2000,Stockerau,48.387907,16.232125
33305,Urschitz,Faakerseestraße 20,9584,Finkenstein,46.5611325,13.9150633
33340,Shell Tankstelle,Naarner Strasse 73,4320,Perg,48.239517,14.626021
33343,Eni Tankstelle,Bundesstrasse 130,2102,Bisamberg,48.332867,16.345122
33348,Shell Tankstelle,Siemensstrasse 105b,1210,Wien,48.266989,16.428849
33352,Shell Tankstelle,Umfahrung-Sued 1,4150,Rohrbach,48.565037,13.985382
33353,Shell Tankstelle,Linzer Strasse 44,4240,Freistadt,48.502303,14.501686
33361,Shell Tankstelle,Hanuschstrasse 128,4020,Linz,48.271603,14.294458
33363,Shell Tankstelle,Reichsstrasse 14,3380,Poechlarn,48.198073,15.222101
33364,Eni Schwanenstadt,Salzburgerstrasse 41,4690,Schwanenstadt,48.048051,13.761766
33366,IQ Tankstelle,Hauptstrasse 36,4551,Ried im Traunkreis,48.025668,14.075224
33370,IQ Tankstelle,Kenading,4761,Enzenkirchen,48.4114,13.6347
33426,ENI Tankstelle,Lanzendorfer Strasse GST 471/1,2481,Achau,48.0907,16.4113
33461,Diesel,"Unser Lagerhaus Fieberbrunn, Rosenegg 31",6391,Fieberbrunn,47.489121,12.527916
33463,Ford-Levak,Halbenrain 13,8492,Halbenrain,46.7226069,15.9474719
33470,Shell,Faschinastraße 198,6721,Thüringerberg,47.2157535,9.7936756
33472,Stadtwerke Leoben,Kerpelystraße 34,8700,Leoben,47.3746958,15.0823166
33475,Shell Liefering,Muenchner Bundesstrasse 137,5020,Salzburg,47.833221,12.998107
33513,Agrotech,Bahnstr. 107,2283,Obersiebenbrunn,48.2464132,16.7000799
33552,Freie Tankstelle,Hüttwinklstraße 12,5661,Rauris,47.1910187,12.9789365
33559,Shell-Tankstelle  Laugus Silvia,Bundesstr. 149,6642,Stanzach,47.385995,10.561535
33569,Freie Tankstelle,Ausserhalbach 37,3163,Rohrbach,48.025409,15.722101
33570,Tankstelle OBERHOFER,Enzersdorf im Thale,2032,Enzersdorf im Thale,48.585692,16.245024
33576,E. Tschuchnigg ,Nr. 140,8511,St. Stefan,46.928711,15.253208
33591,AVIA XPress (unser Service: Luft und Wasser),Nr. 138,8921,Mooslandl,47.6552697,14.7666716
33596,AVIA ,Keltenstraße 2,3100,St. Pölten-Ratzersdorf,48.2279934,15.6768304
33597,AVIA XPress (unser Service: Luft und Wasser),Wollsberg 37,4652,Steinerkirchen,48.0779136,13.999056
33598,AVIA,Franz Eigl-Str. 7,3910,Zwettl,48.6028473,15.1854858
33599,AVIA,Fachmarktzentrum 1,7011,Siegendorf,47.7735234,16.529095
33600,AVIA,Prof.Krejci-Graf-Str.2,3950,Gmünd,48.7608669,14.9905661
33609,AVIA,Gewerbeparkstraße 1,3500,Krems,48.4052349,15.6549839
33610,AVIA XPress (unser Service: Luft und Wasser),Linzer Straße 14,4650,Edt/Lambach,48.095318,13.8926439
33618,Freie Tankstelle,Markt 11,4363,Pabneukirchen,48.320395,14.8172248
33629,Gusenbauer - Ihr starker Partner,Hauptstraße 32,4281,Mönchdorf,48.3606782,14.7918203
33634,Essmeister Diskont,Hauptstrasse 5,3373,Kemmelbach,48.154907,15.092447
33635,Essmeister Diskont,Bahnhofstrasse 5,3372,Blindenmarkt,48.125481,14.981425
33663,Turmöl Quick,Sportplatzstraße 1,4642,Sattledt,48.0756825,14.0466785
33700,AVIA mit Bedienung,Kremser Straße 37,3462,Absdorf,48.4004098,15.9737878
33701,AVIA XPress (unser Service: Luft und Wasser),Nr. 2,3383,Hürm,48.1565262,15.4131142
33708,AVIA XPress (unser Service: Luft und Wasser),Hauptstraße 25,2125,Neubau,48.4985214,16.5169696
33715,AVIA,Schlitters 27c,6262,Schlitters,47.3811223,11.8341075
33727,AVIA,Friedrich-Thurner-Straße 21,4910,Ried im Innkreis,48.212154,13.482703
33764,Deuring,Seestrasse 10,6912,Hörbranz,47.534922,9.7377447
33950,IQ-Tankstelle,Dorfwerfen 50,5452,Pfarrwerfen,47.4576791,13.2068137
33971, BP Tankstelle Zyka Roland,Stubaitalstrasse 81,6167,Neustift,47.111457,11.3096291
34000,Urban Garage,Antonigasse 81,1170,Wien,48.2246253,16.3326865
34002,Thrainer,Audorfer Straße 41,6342,Niederndorf,47.6488703,12.1965438
34016,Baertl GmbH,Stuwerstrasse 41,1020,Wien,48.219051079508,16.4058665626915
34026,leodiskonttankstelle GmbH,Seidengasse 12,1070,Wien,48.2004272,16.3445982
34027,"Kreupl, Freie Tankstelle",Aistersheim 38,4676,Aistersheim,48.187439,13.739677
34031,Greiner Einkaufsmarkt Eichfeld,Eichfeld 64,8480,Mureck,46.7256184,15.7721281
34032,Autohof Huter GmbH,Stegen 7,6682,Vils,47.5502075,10.6575315
34320,freie Tankstelle,Untere Hauptstr. 153,7422,Riedlingsdorf,47.3371468,16.1450365
34322,freie Tankstelle,Lödersdorf 54,8334,Lödersdorf,46.9559582,15.9564707
34335,OMV,Bahnhofstraße 11a,7471,Rechnitz,47.302575,16.4423994
34338,Diskont Tankstelle,Lembach 7,8333,Riegersburg,47.015015,15.9495948
34354,"Diskont Rossmann (Profi-Diesel, Diesel, S95)",Paldau 161,8341,Paldau,46.941023,15.786523
34359,SPRITKÖNIG,Flurstr. 57,8280,Fürstenfeld,47.0368461,16.0931036
34360,SPRITKÖNIG ,Triester Str. 360,8055,Graz,47.0296395,15.4315854
34368,Diesel,Seglerweg 1,6900,Bregenz,47.5043091,9.7178389
34372,Wattaul,Heizwerkstrasse 3,3380,Pöchlarn,48.200594,15.220184
34437,Gelbmann GmbH / freie Tankstelle / 24 Std. SB-Tankstelle,kindergartengasse 14,7163,andau,47.7762135,17.0346131
34450,Lagerhaus Tankstelle Lienz,Kärntnerstraße 110,9900,Lienz,46.8304105,12.7911009
34478,Eni / Agip,Erdbergstrasse 189,1030,Wien,48.186401,16.4233279
34479,Turmöl Tankstelle Lang,Dorf 343,7534,Olbendorf,47.1880973,16.2033658
34480,DICKINGER Agrarhandel GmbH,Stampfstraße 3,4655,Vorchdorf,48.0051382,13.9188821
34493,Diskont,Markt 6,4263,Windhaag bei Freistadt,48.588616,14.561648
34499,Diskont Pöltl,Hofstatt 21,7312,Unterpetersdorf,47.5907015,16.579503
34500,Freie Tankstelle - Einkauf nur bei OMV,Rettenegg 171,8674,Rettenegg,47.5184339,15.7711906
34504,Steindorfer Mail,Mail Süd 1-5,9300,Sankt Veit an der Glan,46.800983,14.4024476
34505,Tankstelle Kaiser,Markt Neuhodis 215,7464,Markt Neuhodis,47.2923738,16.3953544
34507,Land lebt auf,Sportplatzstraße 1,5113,St. Georgen / Salzburg,47.974007,12.893658
34521,www.voegel-trans.at,Säge 156,6933,Doren,47.49052893,9.85336304
34522,Turmöl SB Tankstelle SHALABI Asim ,Waldeggstraße 44,4020,Linz ,48.288119,14.287634
34528,Karl Bors GmbH,Ober Hauptstr. 63,7162,Tadten,47.7654592,16.9832483
34530,E N I  ,Dorfstraße 97,9546,Bad Kleinkirchheim,46.8144526,13.8006346
34545,Freie Tankstelle,Hasnerstraße 128,1160,Wien ,48.2116586,16.3102334
34547,Moser Tankstelle Feldkirchen,Oberglan-Gewerbestr. 1,9560,Feldkirchen,46.694667,14.125671
34558,Grübler Thomas Dieseltankstelle,Böcksteiner Bundesstraße 15,5640,Bad Gastein,47.1054555,13.1342715
34561,Johannes Pferschinger,St.Urbanstraße 2,3481,Fels/Wagram,48.4383789,15.8176601
34566,Tankstelle LESKA,Palterndorferstraße 19,2181,Dobermannsdorf,48.5961921,16.8245058
34587,Tankstelle Pernsteiner - Tankautomat mit Bankomat,Hauptstraße 9,4131,Kirchberg ob der Donau,48.444348,13.938993
34588,Shell,Kremserstraße 2-4,3470,Kirchberg am Wagram,48.4308585,15.9019522
34590,ENI OBERSCHEIDER,Reichsstrasse 16a,6890,Lustenau,47.430313,9.64951
34591,SB-Tankstelle,Diesendorf 15,3243,St. Leonhard,48.0925635,15.2496315
34592,Marken-Diskont Franz Falk,Oberbuch 9,8274,Buch,47.2339552,15.9964327
34593,LAGERHAUS   Hopfgarten - Wörgl und Umgebung reg.Gen.m.b.H.,Bahnhofstr. 7,6361,Hopfgarten,47.4526716,12.1517289
34596,Schildecker-DISKONT,Industriegelände Objekt 2,3435,Pischelsdorf,48.33325905,15.94180584
34598,Diskonttankstelle Schöllhammer,Bahnhofstraße 92,3350,Stadt Haag,48.096018,14.5880669
34610,Turmöl,Hauptstraße 94,9632,Kirchbach,46.64273,13.1799
34706,Autohaus Föttinger GmbH,Seefeld 9,4853,Steinbach am Attersee,47.8407909,13.5474485
34728,"Jedinger, Freie Tankstelle",Frei 3,4682,Geboltskirchen,48.1537941,13.6345045
34739,Kuss Autodienst,Christophorusweg 1,9334,Guttaring,46.8799972,14.505802
34748,"Schindele, Riefensberg",Meierhof 126,6943,Riefensberg,47.4987605,9.9462056
34755,ROBINEAU- Automaten-Tankstelle,Untere Hauptstraße 12   Großrust,3123,Obritzberg,48.2717226,15.6149517
34756,Raststätte Robineau,Kremserstraße 200,3508,Paudorf,48.351732,15.6209153
34763,Diskonttankstelle Leonhartsberger,Schloßberg 34,4391,Waldhausen,48.2777412,14.9560838
34764,Huber ,Zellbergeben 16,6277,Zellber,47.2352316,11.8802754
34770,LSC Wenzl GmbH,Krautgartengasse 20,7132,Frauenkirchen,47.8438135,16.9238938
34771,LSC Wenzl GmbH,Hochäcker 7,7122,Gols,47.9056277,16.9235613
34787,Shell,Am Stein 388,6883,Au,47.3279328,9.9756882
34809,IQ-Tankstelle Seiwald,Mauthen 264,9640,Kötschach-Mauthen,46.6656107,12.9976327
34814,,Schweizerstraße 45,6844,Altach,47.3528442,9.6348561
34817,Lagerhaus Tankstelle,Kötschach 153,9640,Kötschach,46.6721177,13.0032407
34828,Stering GmbH,Hitzendorf 134,8151,Hitzendorf,47.0346383,15.3004398
34851,Czelecz,Flurgasse 5,8665,Langenwang,47.5647283,15.6144042
34888,GUTSCHE,Wolkersdorf 42,9431,St. Stefan,46.7871055,14.8505684
34890,Ulli´s Tank-Stelle,Liebenau 129,4252,Liebenau,48.5303994,14.8010066
34946,Trötzmüller Garage,Pouthongasse 15 - 17,1150,Wien,48.1992287,16.3298807
35026,Mössmer Transporte,Gewerbestraße 1,6111,Volders,47.2899507,11.5734834
35066,Mitterecker GmbH,Andorfer Strasse 13,4755,Zell an der Pram,48.3191684,13.62668
35166,Land lebt auf,Rottenbach Nr. 52,4681,Rottenbach,48.2073704,13.6796379
35466,,Payerstetten 6,3652,Leiben,48.2496835,15.2480109
35506,Turmöl Quick,Zeltenschlagstraße 2,8700,Leoben,47.3789195,15.0887587
35567,BP,Franz Josefskai/Morzinpl ,1010,Wien,48.2123537,16.3743119
35575,BP,Imlau  65 ,5452,Imlau,47.465526,13.197606
35576,BP,Zillertalstr. 35 ,6263,Fuegen,47.345526,11.852875
35578,BP,Lustenauer Strasse 112a ,6845,Hohenems,47.373695,9.677582
35579,BP,Hadikgasse/Kefergasse ,1140,Wien,48.1927168,16.2776905
35580,BP,Einzingergasse 2 ,1210,Wien,48.28254695,16.3799518
35582,BP,Geiselbergstr.47/Hauffg.35 ,1110,Wien,48.1748413,16.408093
35600,BP,Ossiacherzeile 50 A ,9500,Villach,46.6115786,13.8562822
35612,BP,An Der Raststation-Lkw ,3385,Voellerndorf,48.176784,15.5487265
35616,BP,Gewerbeparkstr.On1 Gew.Park Stadlau ,1220,Wien,48.247683,16.466253
35627,BP,Bundesstrasse ,6863,Egg Im Bregenzerwald,47.432516,9.895364
35628,BP,Bruennerstrasse 186 ,1210,Wien,48.2835514,16.4130911
35631,BP,Linke Wienzeile 90-92 ,1060,Wien,48.1947585,16.3537622
35635,BP,L.V.Hoehnelgasse ,1100,Wien,48.159072,16.387181
35636,BP,Kaiser Ebersdorferstr.248-250 ,1110,Wien,48.159913,16.457723
35643,BP,Lamprechtshauserner B156 ,5101,Bergheim / Lengfelden,47.844393,13.050127
35647,BP,Salzburgerstr. ,6380,St. Johann In Tirol,47.5253228,12.4229437
35651,BP,Reichshofstrasse ,6890,Lustenau,47.424342,9.651639
35666,BP,St Johannerstrasse ,6370,Kitzbuehel,47.459666,12.386913
35673,BP,Iseltalerstrasse 25 ,9900,Lienz,46.8285946,12.7566304
35676,BP,Franzosengraben ,1030,Wien,48.1867771,16.4130517
35682,BP,Maroltingergasse 5 ,1140,Wien,48.203324,16.3028796
35686,BP,Wienerbergstr. 29 ,1120,Wien,48.170951,16.33682
35687,BP,Erdbergerlaende 30 ,1030,Wien,48.201209,16.403575
35692,BP,Zinnergasse 4 ,1110,Wien,48.1612431,16.4713858
35696,BP,Gablenzgasse 72 ,1160,Wien,48.206071,16.321692
35697,BP,Hietzinger Kai 133-135 ,1130,Wien,48.1915759,16.2803217
35700,BP,Linzer Str. 135-137 ,1140,Wien,48.1933363,16.3017905
35714,BP,Heiligenstaedterstr.77 ,1190,Wien,48.2438482,16.3613545
35721,BP,Dresdnerstrasse 8 ,1200,Wien,48.2408605,16.3748223
35725,BP,Laxenburgerstrasse 2a ,1100,Wien,48.183485,16.373405
35726,BP,Am Fasangarten 9 ,1120,Wien,48.170747,16.305561
35729,BP,Triesterstrasse 153 ,1100,Wien,48.15669974,16.34239786
35743,BP,Hernalser Hauptstr.32-34 ,1170,Wien,48.2173667,16.3382721
35750,BP,Handelskai 276-280 ,1020,Wien,48.2165742,16.4171484
35754,BP,Krottenbachstr. 17 ,1190,Wien,48.2403021,16.3418194
35755,BP,Triesterstrasse 104 ,1100,Wien,48.15715224,16.34123557
35758,BP,Triesterstrasse 68 ,1100,Wien,48.16565603,16.34673579
35762,BP,Margaretenguertel 43-45 ,1050,Wien,48.1796472,16.3517548
35768,BP,Altmannsdorferstr.117 ,1120,Wien,48.1609065,16.3184664
35769,BP,Erzherzog Karlstr. 253 ,1220,Wien,48.2204444,16.48015387
35774,BP,Altmannsdorferstr.94 ,1120,Wien,48.1623607,16.3172305
35779,BP,Silvrettastrasse 17 ,6561,Ischgl,47.0156769,10.2967348
35780,BP,Arsenalstrasse 5b ,1030,Wien,48.1776167,16.3929526
36008,Diskonttankstelle Gamsjäger,Betriebsgebiet Greiling,3107,St. Pölten,48.257599,15.641141
36086,dts Trading  GmbH,Gnigler Strasse 52,5020,Salzburg,47.816757,13.059568
36106,ENI Rüf,Bersbuch 401,6866,Andelsbuch,47.3979731,9.853856
36268,OMV - Laakirchen Reiterholz 3,Reiterholz 3,4663,Laakirchen,48.00466,13.85405
36271,avanti - Wien Simmeringer Hauptstraße 5,Simmeringer Hauptstrasse 5,1110,Wien,48.18388,16.4059
36728,avanti - Fürstenfeld Körmender Straße 30,Koermender Strasse 30,8280,Fuerstenfeld,47.04909,16.08948
36766,avanti - Ebensee Hauptstraße 21,Hauptstrasse 21,4802,Ebensee,47.81255,13.77331
36946,Landkauf Bund,Wieden 35,8345,Straden,46.8085675,15.8704039
37006,,Industriestraße 17,9560,Feldkirchen,46.7215632,14.1021638
37470,Deutsch-Griffen,Göschelsberg 17,9572,Deutsch-Griffen,46.8493966,14.0861215
37988,avanti - Rutzenmoos Autobahnzubringer Gmunden,Autobahnzubringer Gmunden ,4845,Rutzenmoos,47.95502,13.73619
38009,Landesprodukte Scheiber,Jakling 6,9433,St. Andrä,46.7585275,14.8463902
38026,avanti - Wien Julius Ficker Straße 77,Julius Ficker Strasse 77,1210,Wien,48.26672,16.44859
38166,"""deine Tankstelle""",Oberhof  3,8933,Sankt Gallen,47.6842133,14.6147679
38186,DISKONT Grausgruber,Starhemberg 15,4680,Haag/Hausruck,48.189051,13.642724
38246,Zach,Bundesstraße 10,2431,Enzersdorf/Fischa,48.066238,16.605534
38954,LAGERHAUS Genol Groß St. Florian,Markstraße 38,8522,Groß St. Florian,46.82187519179757,15.31919002532959
40106,Egger Wolfgang Internationale Transporte,Achenkirch 205,6215,Achenkirch,47.5160681,11.7083395
40126,Palfner Tankstelle,Bundesstraße 31,5600,St. Johann,47.3583594,13.1998823
40406, LMEnergy Express,Bundesstraße 2,5600,St. Johann,47.3343734,13.189367
40426,SCHWÄRZLER,Zeihenbühl 422,6951,Lingenau,47.4491533,9.9048504
40446,LSC WENZL GMBH,"Neudorferstrasse, Betriebsgebiet 2 (Strassenmeisterei Parndorf)",7111,Parndorf,47.9991587,16.8709332
40486,Eurowag,Kammer 44,4981,Reichersberg,48.3108247,13.4202842
40766,AVIA Xpress,Reitschulgasse 9,4600,Wels,48.1670468,14.0346315
40786,Diskont Diesel,Hainfeld 68,8262,Ilz,47.08102,15.9682
40787,"Frey, Diesel",Tobaj 48,7540,Tobaj,47.08552,16.3084
41188,Diskont Tankstelle,"Neue Landstraße 74 (""Hofer-Parkplatz"")",4655,Vorchdorf,48.008358,13.920214
41286,Maroltinger Tankstelle, Maroltingergasse 66,1160,Wien,48.2102455,16.3058551
41587,Disk,Franzensbrückenstrasse 15,1020,Wien,48.2146367,16.3916044
41588,avanti - Gosau 705, 705,4824,Gosau,47.57958,13.53156
41666,Lagerhaus-Genol,Obere Bahngasse 1,7083,Purbach,47.9111388,16.6955227
41667,Lagerhaus-Genol,Triftsteig 1,7063,Oggau,47.8324242,16.6703781
41726,Diskont Tankstelle,"Kärntner Straße 92 (""Hofer Parkplatz"")",8700,Leoben,47.382529,15.105815
41826,Turmöl Quick,Schlossallee 2,1140,Wien,48.1893108,16.314299
41886,OMV - Lienz Iseltaler Straße 30,Iseltaler Strasse 30,9900,Lienz,46.83172,12.75363
42086,Marken-Diskont Franz Falk ,Übersbach 124,8362,Übersbach,47.0370799,16.0571029
42228,Johann Meusburger GmbH,Zeihenbühl 396,6951,Lingenau,47.4491221,9.90622
42526,OMV - Kitzbühel St.Johanner Straße 15a,St.Johanner Strasse 15a,6370,Kitzbuehel,47.45609,12.38639
42606,avanti - Wernberg Bundesstraße 23,Bundesstrasse 23,9241,Wernberg,46.61782,13.95629
42646,avanti - Strass im Zillertal Bundesstraße 107,Bundesstrasse 107,6261,Strass im Zillertal,47.39793,11.81625
42867,Landestankstelle Güssing Partner Luisser,Wiener Straße 62,7540,Güssing ,47.0781445,16.3201416
42886,Tanke Blaguss,Industriestraße,7000,Eisenstadt,47.8328353,16.5336044
42986,Krois Diskont Clever Tanken,Nord 60,9125,Kühnsdorf,46.6246179,14.6334208
43426,JP MENNEL,Hof 331,6951,Lingenau,47.4499378,9.9233926
43486,Wildenhofer Diesel Tankstelle,Gniglerstraße 5-7,5020,Salzburg,47.8157985,13.0497956
43586,Shell,Sulmtalstr.45,8451,Heimschuh,46.7645638,15.4944686
43866,Turmöl Quick,Bundesstraße 33,9560,Untere Glan,46.7337805,14.1558516
44026,Kerschbaumer Autodienst,Untermarkt 10,9363,Metnitz,46.9808815,14.2196908
44208,OMV - Haslach an der Mühl Sternwaldstraße 45,Sternwaldstrasse 45,4170,Haslach an der Muehl,48.57546,14.05164
44246,Turmöl,Oberndorf 81,3820,Raabs,48.8438731,15.4824089
44306,AVIA, Jeding 12,4673,GASPOLTSHOFEN,48.139459,13.732438
44686,avanti - Pinkafeld Wiener Straße 8,Wiener Strasse 8,7423,Pinkafeld,47.3744,16.12554
44766,Turmöl Quick,Nachdemsee 12,4813,Altmünster,47.884276,13.771423
44887,avanti - Haldensee Seestraße 5,Seestrasse 5,6673,Haldensee,47.49479,10.55756
51108,Turmöl Quick,Grieskirchnerstraße 4,4600,Wels,48.169214,14.024823
80483,"Picej - SB tanken, TRAFIK, ADEG - Kaufhaus, Hotel",Turnersee Straße 17,9122,St. Primus,46.576943,14.564663
85913,TURMTANKSTELLE,Irrsdorfer Bachstraße Nr. 47,5204,Straßwalchen,47.967945,13.276355
86254,Eni,Kremser Landstraße 33,3452,Heiligeneich,48.3044998,15.8911152
94423,SOCAR Deutschkreutz,Hauptstraße 85,7301,Deutschkreutz,47.597633,16.627819
96323,Tankstelle Gradwohl,Grazerstrasse 34,8101,Gratkorn,47.1300093,15.3422736
101593,OMV - Sankt Johann im Pongau Wagrainer Straße 11,Wagrainer Strasse 11,5600,Sankt Johann im Pongau,47.34862,13.20651
108726,Wema  GmbH,Zeihenbühl 435,6951,Lingenau,47.4495768,9.9046295
123126,AVIA ,Brünning 37,4760,Raab,48.3505859,13.6358061
160060,Autohaus Pannonia,Weisse Kreuz Gasse 44,7132,Frauenkirchen,47.8403848,16.9316544
182629,ENI AUSTRIA,Altenmarkt Nr.81,8934,Altenmarkt bei St.Gallen,47.7193299,14.6540434
208629,,Willersdorferstrasse 67,8061,St. Radegund bei Graz,47.1918522,15.5028483
215302,Turmöl Quick,Linzerstraße 92a,4600,Wels,48.165209,14.043058
223334,Land lebt auf,Hauptstraße 53,3142,Perschling,48.259959,15.800892
232961,All In Tankstelle,Grazerstrasse 45,8062,Kumberg,47.1689413,15.586242
237857,SB-Tankstelle Schmied im Wald,Gschaid 8,4723,Natternbach,48.4039189,13.6922177
238026,BP,Johann-Herbst-Straße 15,5061,Glasenbach,47.7696131,13.0854539
247817,eni,Wechsel-Bundesstrasse 45,2840,Grimmenstein,47.619773,16.128287
247819,eni,Feldstrasse 44,2345,Brunn/Geb.,48.122997,16.293216
247822,eni,Wiener Strasse 52,7423,Pinkafeld,47.379013,16.122093
247827,eni,Steinbrückl 14,7531,Kemeten,47.275937,16.156024
247829,eni,Salurner Strasse 28,6330,Kufstein,47.5764,12.1604
247830,eni,Hauptstrasse 96,6511,Zams,47.1573815,10.58935314
247831,eni,Rennweg 20,6020,Innsbruck,47.277037,11.400716
247836,eni,Salzachtalstrasse 23,5400,Hallein,47.6797,13.1045
247842,eni,Gabelsbergerstrasse 1,5020,Salzburg,47.810199,13.046559
247845,eni,Bundesstrasse 18,6923,Lauterach,47.4821512,9.73155
247846,eni,Lustenauerstrasse 52,6850,Dornbirn,47.4104,9.72079
247847,eni,Rheinstrasse 4,6900,Bregenz,47.4985,9.73258
247849,eni,Achstrasse 39,6922,Wolfurt,47.48154,9.74613
247850,eni,Maria Theresienstrasse 14,6890,Lustenau,47.4282,9.65945
247851,eni24,Villacherstrasse 44,9800,Spittal/Drau,46.7919,13.5083
247852,eni,Mörtschach 72,9842,Mörtschach,46.9222,12.9105
247857,eni,Grieskirchnerstrasse 39,4600,Wels,48.1715,14.0235
247868,eni,"Oiden 110, Bundesstrasse 1",3300,Amstetten,48.133027,14.841365
247871,eni,Wienerstrasse 27,3493,Hadersdorf a. Kamp,48.459348,15.725307
247873,eni,Bahnhofstrasse 37,3370,Ybbs an der Donau,48.16341,15.099241
247874,eni,Wachauer Bundesstrasse,3620,Spitz,48.362533,15.416793
247882,eni,Enzersdorfer Strasse 5-7,2345,Brunn am Gebirge,48.104159,16.285476
247884,eni,Hauptstrasse 53,3314,Strengberg,48.145204,14.641792
247891,eni,Italiener Strasse 57,9500,Villach,46.603335,13.840528
247893,eni,Huben 40,9971,Matrei in Osttirol,46.9346,12.575
247894,eni,Rosegger Strasse 15,9220,Velden,46.60427,14.035324
247896,eni,Handelskai 388a,1020,Wien,48.2032,16.4358
247897,eni,Oberzellergasse 2a,1030,Wien,48.193838,16.396971
247898,eni,Gudrunstrasse 116 - 118,1100,Wien,48.17806,16.37857
247899,eni,Triesterstrasse 285-287,1230,Wien,48.140847,16.329189
247900,eni,Kaiserebersdorferstrasse 48,1110,Wien,48.167349,16.426899
247903,eni,Raxstr./Windtenstrasse vis a vis 31,1100,Wien,48.1676,16.3551
247905,eni24,Felberstraße vis a vis 102,1150,Wien,48.193432,16.321006
247907,eni,Krottenbachstrasse 32-34,1190,Wien,48.2407,16.3393
247908,eni,Umfahrungsstrasse,4802,Ebensee,47.8063,13.7806
247910,eni,Gewerbepark Süd 12,6330,Kufstein,47.56627,12.15626
247915,eni,Innsbruckerstrasse 29,6230,Brixlegg,47.43262,11.87891
247916,eni,Dorfstrasse 1,6142,Mieders,47.171008,11.383759
247921,eni A 12 Inntalautobahn,An der Au 1,6493,Mils bei Imst,47.213166,10.696501
247922,eni,Alpenstrasse 60,5020,Salzburg,47.78366,13.066648
247923,eni,Zeller Bundesstrasse 1a,5760,Saalfelden,47.427965,12.842227
247928,eni,Brennerautobahn West Berg,6143,Matrei,47.13996,11.44809
247931,eni,Salzburger Strasse 23,6380,St.Johann,47.52709,12.42416
247934,eni,Salzachtal Bundesstrasse 105,5081,Anif,47.732787,13.065609
247935,eni,Schallmooser Hauptstrasse 54,5020,Salzburg,47.807711,13.062374
247938,eni,Halleiner Landesstraße 162,5412,Puch-Hallein,47.721915,13.090591
247939,eni,Urstein Nord 15,5412,Puch bei Hallein,47.732187,13.086187
247940,eni,Moosstrasse 30,5020,Salzburg,47.79366,13.02929
247943,eni,Liechtensteinerstrasse 115,6800,Feldkirch,47.221748,9.576177
247944,eni,Langgasse 118a,6830,Rankweil,47.27182,9.61785
247946,eni,Schwefel 70a,6850,Dornbirn,47.42974,9.73995
247947,eni,Rheinstrasse 20,6971,Bregenz-Hard,47.488611,9.702186
247948,eni,Hohenemser Strasse 1,6890,Lustenau,47.419113,9.660987
247950,eni,Tiroler Strasse 9,9800,Spittal/Drau,46.80076,13.49156
247951,eni,Reintal 21,9841,Winklern,46.862484,12.890597
247953,eni,Tiroler Strasse 141,9500,Villach,46.632043,13.824202
247958,eni,Ossiacher Zeile 74,9500,Villach,46.617815,13.860633
247962,eni,Mauthen 189,9640,Kötschach,46.665507,12.998308
247965,eni,Kärntnerstrasse 84,9900,Lienz,46.83117595,12.78306752
247966,eni,Stadionstrasse 21,9545,Radenthein,46.798428,13.710362
247970,eni,Huttengasse 73-75,1160,Wien,48.21114,16.31069
247971,eni,Grenzackerstrasse 6-8,1100,Wien,48.163473,16.377225
247972,eni,Rautenweg 13,1220,Wien,48.263207,16.461068
247973,eni,Donaustadtstrasse 43,1220,Wien,48.222678,16.44443
247974,eni,Biberhaufenweg 115,1220,Wien,48.202378,16.473838
247975,eni,Breitenfurter Strasse 325-327,1230,Wien,48.14312,16.29248
247976,eni,Bonygasse /Ruckergasse,1120,Wien,48.179079,16.326542
247977,eni,Althanstrasse 14,1090,Wien,48.229354,16.358291
247978,eni,Jägerstrasse 60,1200,Wien,48.235,16.37054
247983,eni,Leitenstrasse 30,4812,Pinsdorf,47.932972,13.777175
247984,eni,Linzer Strasse 15,4072,Alkoven,48.28863,14.11781
247985,eni,Welser Strasse 8,4060,Leonding-Gaumbg.,48.27434,14.27253
247989,eni,Asamerstraße 3 /  Gewerbepark,4655,Vorchdorf,48.010868,13.924406
247997,eni,Wiener Strasse 304,8051,Graz,47.098039,15.404107
248004,eni,Pirching 97,8200,Hofstätten a. d. Raab,47.089452,15.73237
248005,eni,Gewerbepark Nord Nr. 11,8431,Gralla,46.80548,15.56009
248006,eni,Nestelbach 68,8262,Ilz,47.09199,15.87807
248017,eni,Oberegging 54,3254,Bergland,48.158477,15.111832
248020,eni,Braitnerstrasse 62a,2500,Baden,48.001929,16.241614
248031,eni,Mitschastrasse 38,2130,Mistelbach,48.564225,16.576073
248035,eni,Wiener Strasse 125,2345,Brunn/Geb.,48.112415,16.299441
248036,eni,Neusiedler Strasse 15,2340,Mödling,48.081721,16.284519
255985,123tanken.at - Tankstellenbetriebs & Service GmbH,Rotensterngasse 25,1020,Wien,48.2172366,16.3844335
272171,"PINK - so pink, so clever",Freundorf 2,4076,St. Marienkirchen,48.260292,13.9408497
274360,Müller Tankstellen GesmbH,Bundesstraße 15,4817,St. Konrad,47.9107899,13.90395
275370,Shell St.Johann,Niederhofen 4,6380,St.Johann in Tirol,47.53285999,12.43707995
277894,Shell Austria,HIRSCHSTETTNERSTRASSE 24,1220,WIEN,48.24412,16.45453
294796,eni,Leopoldauerstrasse 180,1210,Wien,48.2624,16.4359
294802,eni,Breitenfurterstrasse 215,1230,Wien,48.156939,16.305341
294806,eni,Gersthofer Strasse Nr. 2b,1180,Wien,48.226999,16.326521
294886,eni,Brennerautobahn Ost Tal,6143,Matrei,47.14072,11.44653
294894,eni,Allgäuer Strasse 66,6600,Reutte,47.49908,10.72013
294906,eni,Innsbrucker Strasse 36,6300,Wörgl,47.482697,12.058705
294909,eni,Gewerbegebiet 6,6275,Stumm/Zillertal,47.290311,11.880508
294920,eni,Stockach 29a,6653,Bach Im Lechtal,47.260476,10.370189
294966,eni,Arlbergstrasse 56,6900,Bregenz-Rieden,47.495268,9.733599
294993,eni,Villacher Strasse 21,9220,Velden,46.613684,14.03577
295009,eni,Nr. 301,9613,Feistritz an der Gail,46.5835447,13.6108395
297720,AVIA Xpress (Automaten-Tankstelle),Rieder Straße 17,4931,Mettmach,48.172218,13.347336
303612,Diskont Tankstelle,"Ybbsstrasse 70  (""Hofer Parkplatz"")",3300,Amstetten ,48.114269,14.869259
307172,Shell Austria,GRINZINGERSTRASSE 137,1190,WIEN,48.25463,16.36399
370714,Shell Austria,AM KAISERMUEHLENDAMM 140,1220,WIEN,48.20715,16.44691
384864,Shell Austria,ACHENSEE-STRASSE 2,6200,JENBACH,47.3885,11.77445
395309,Shell Austria,DONAUSTADTSTRASSE 37C,1220,WIEN,48.22704,16.44498
402052,Shell Austria,LAINZERSTRASSE 14,1130,WIEN,48.18551,16.29624
414542,Shell Austria,BUNDESSTRASSE 3,6714,NUEZIDERS,47.16535,9.7953
414544,Shell Austria,TRIESTERSTRASSE 6A-8,1100,WIEN,48.1790148559,16.3580035648
423989,Tanken an der S31,Siemensstrasse 1,7343,Neutal,47.5381315,16.4331036
427015,Shell Austria,LUSTENAUERSTRASSE 86,6850,DORNBIRN,47.41172,9.71573
427016,Shell Austria,AM SPORTFELD 4,6370,KITZBUEHEL,47.4446,12.39875
427017,Shell Austria,AUSSTELLUNGSSTRASSE 4,1020,WIEN,48.21777,16.39464
428033,Shell Oberndorf/Sbg,Salzburger Strasse 4,5110,Oberndorf bei Salzburg,47.935624,12.94659
428034,Shell Spittal/Drau ,Zgurner Strasse 2,9800,Spittal an der Drau,46.782823,13.534383
428035,Shell Lannach,Radlpass Strasse 26,8502,Lannach,46.949105,15.337384
431256,Shell Austria,HEILIGENSTAEDTERSTR. 60,1190,WIEN,48.24161,16.36138
437497,Shell Austria,GERSTHOFERSTRASSE 2,1180,WIEN,48.229112,16.32895
437498,Shell Austria,HADIKGASSE 128-134,1140,WIEN,48.190443,16.294513
447952,Shell Austria,HUETTELBERGSTRASSE 4,1140,WIEN,48.20271,16.25757
448121,Shell Austria,LINZER STR 2A,1150,WIEN,48.19039,16.32173
449653,Shell Austria,LEOPOLDAUERSTRASSE 51,1210,WIEN,48.25993,16.41174
449827,Shell Austria,OEVERSEESTRASSE 2B,1150,WIEN,48.20186,16.31767
450004,Shell Austria,SCHWEFEL 40,6850,DORNBIRN-SCHWEFEL,47.4256,9.7414
450350,Shell Austria,DARINGERGASSE 1A,1190,WIEN,48.24722,16.33481
450523,Shell Austria,PFENNINGGELDG 2/ECKE HERBSTSTRASSE,1160,WIEN,48.20786,16.31328
450524,Shell Austria,WAGRAMERSTRASSE 14,1220,WIEN,48.23367,16.42036
450529,Shell Austria,PANZENDORF 134,9919,HEINFELS,46.74968,12.4423
491817,Deine SB Tankstellen,Kirchbach 113,8082,Kirchbach,46.929099,15.664164
493332,Turmöl Quick,Gmundnerstr. 35,4663,Laakirchen,47.975562,13.8203361
497870,Diskont Tankstelle,"Bahnhofstraße 26 (""Hofer Parkplatz"")",3370,Ybss,48.16811,15.086662
508146,Easy Tank,Strötting 1,4716,Hofkirchen/Tr.,48.222328,13.732715
544226,Diskont Tankstelle,"Gnaserstraße 26 (""Am Hofer Parkplatz"")",8330,Feldbach,46.953682,15.869513
592851,eni,Marktstraße 19,5611,Großarl,47.2428529,13.2059728
605978,Turmöl Gold,Steinamangerstrasse 8,7423,Pinkafeld,47.3635786,16.1251255
621248,OIL! Tankstelle,Schusterbergweg 84,6020,Innsbruck,47.2769,11.432
621255,OIL! Tankstelle,Nr. 2A,8924,Wildalpen,47.6627,14.9877
621283,OIL! Tankstelle,Himberger Strasse 50,1100,Wien,48.1365,16.3835
621285,OIL! Tankstelle,Laxenburger Strasse 244,1230,Wien,48.1388,16.358
621287,OIL! Tankstelle,Furchgasse 2A,6845,Hohenems,47.3801,9.70549
624870,Turmöl Quick,Weitmoserstr. 1,5630,Bad Hofgastein,47.1571884,13.1072403
665616,avanti - Rum Siemensstraße 1,Siemensstrasse 1,6063,Rum,47.27753,11.45756
682602,"PINK - so pink, so clever",Welserstraße 5,4701,Bad Schallerbach,48.2275333,13.9257925
685125,GTS - Günstig Tanken Schmöger ,Körnermarkt 5,3542,Gföhl,48.516035,15.493225
692206,SPRITINN,Rechte Wienzeile 43,1050,Wien,48.1963317,16.3587045
692890,Sprit Diskont Thomas Weißenböck-Straßl,Nibelungenstrasse 20,4090,Engelhartszell,48.5017813,13.735886
716103,Stöckl ,Hauptstrasse 54,7434,Bernstein,47.4064335,16.260999
761209,Sprint,Triester Str. 328,8055,Graz,47.03297072960908,15.430686098181836
775695,Waschpark Volders,Alpenstrasse 1,6111,Volders,47.291801,11.574433
781244,GT TANKAUTOMAT,Bundesstrasse,6166,Fulpmes,47.1541898,11.358225
781245,GT Günstig Tanken,Salzburgerstrasse 31,6060,Hall i. T.,47.281252,11.512492
781246,BP Troppacher,Bundesstrasse 498,6100,Seefeld,47.3280871,11.198689
781247,GT TANKAUTOMAT,Bundesstrasse 20,6156,Gries a. Brenner,47.0443982,11.4833081
781248,BP Troppacher,Hallerstrasse 164,6020,Innsbruck,47.275473,11.434021
781249,BP Express,Bundesstrasse,6220,Buch b. Jenbach,47.38314,11.77229
789150,WT Telfs,Hans-Liebherr-Strasse 33,6410,Telfs,47.3140345,11.1001827
793706,Petschl Tankstelle,Josef-Petschl-Straße 1,4320,Perg,48.25254,14.596074
810034,Diesel Prommegger St. Michael,Gewerbestraße 649,5582,St. Michael,47.0968149,13.6314642
853918,AVIA XPress (unser Service: Luft und Wasser),Gewerbestraße 2,3240,Mank,48.1146419,15.3326377
862063,"Diesel, Super",Steinamanger Straße,7472,Schachendorf,47.26326,16.4338
894715,Lagerhaus Kirnberg GENOL,Pöllabergstrasse 4,3241,Kirnberg,48.0727027,15.3201001
910999,A1 Tankstelle Waidring,Loferer Bundesstraße 1,6384,Waidring,47.5864172,12.5849435
931254,Turmöl,Altmannsdorferstraße 150,1230,Wien,48.1547657,16.3193503
951924,Turmöl Quick,Grazer Straße 33,8510,Stainz,46.8971308,15.2678969
1004230,Tankstelle Holzgethan,Marktstraße 39,2831,Warth,47.6471798,16.1264914
1038732,ENI,Gesäusestraße,8940,Liezen,47.5593257,14.2532636
1048950,RAG.ERDGAS.MOBIL,Schwarzmoos 28,4851,Gampern,48.01639,13.57391
1048951,RAG.ERDGAS.MOBIL,Krift 51,4550,Kremsmünster,48.021777,14.121975
1059610,ENI,Amraser See 64,6020,Innsbruck,47.2634138,11.4333943
1072750,HWK Diesel,Franz-Cervinka-Weg 3,6372,Oberndorf in Tirol,47.4886206,12.3768668
1093770,AVIA Xpress (Automaten-Tankstelle),Hauptstraße 34,4675,Weibern,48.181118,13.698211
1110070,Turmöl Quick,Hauptstraße 78,7341,Markt Sankt Martin,47.5591137,16.4324706
1113150,Diskont Tankstelle,"Herrenau 2 (""Hofer-Parkplatz"")",6706,Bürs,47.152981,9.814188
1113151,Diskont Tankstelle,"Lastenstrasse 1 (""Hofer-Parkplatz"")",9800,Spittal an der Drau,46.787236,13.517817
1113701,Gutmann Eni Tankstelle,Stubaitalstrasse 10,6142,Mieders,47.160059,11.368108
1115118,AUTO HUBER GmbH,Bundesstraße 191,8783,Gaishorn/See,47.489883,14.5271668
1121781,Turmöl Quick,Mariasdorf 54,7433,Mariasdorf,47.3629773,16.240665
1128824,Diskont Tankstelle,"Burgenlandstraße /B50 (""Hofer Parkplatz"")",7344,Stoob,47.514537,16.487473
1131667,AWI-Diskont Bedienungstankstelle,Sternwartestraße 23,1180,Wien,48.2295664,16.3462611
1132409,Turmöl Quick,Hoeflach 109,8350,Fehring,46.9376143,16.0040279
1140459,"TANKSTELLE PREHM, Krennach",Krennach 13,8312,Ottendorf,47.0262052,15.8892822
1144580,Diskont Tankstelle,"Mankerstrasse 59 (""Hofer-Parkplatz"")",3380,Pöchlarn,48.19947,15.220914
1149829,Rekord-Tankstelle,Wirtschaftspark-West 9,7423,Pinkafeld,47.373778,16.092691
1151451,TURMÖL powered by boesch energy,Schoenbrunner Strasse 213,1120,Wien,48.18452,16.33505
1152503,TS-Allerheiligen (gegenüber Uniwash),Wieden 129a,8643,Allerheiligen,47.481729,15.401709
1168600,LMEnergy Express,Almteilweg 1,6706,Bürs,47.151467,9.810635
1172639,SB-Tankstelle Zauner,Jagern 18,4761,Enzenkirchen,48.37648,13.63102
1178939,"TurboStopp, Freie Tankstelle",Gerlos 297,6281,Gerlos,47.2286462,12.0479962
1190579,Pollak-Deine Tankstelle,Im Stadtfeld 2,2070,Retz,48.7536887,15.9583799
1199819,masterDIESEL,Vorarlberger Allee 3,1230,Wien,48.1319793,16.3544422
1200719,Treibstoffparadies,Radlpassstraße 2,8530,Deutschlandsberg,46.8286937,15.2382304
1248127,Diskont Tankstelle,"Shuttleworthstraße 11 (""Hofer-Parkplatz"")",1210,Wien,48.271488,16.407684
1249027,Turmöl Quick,Frauentaler Straße 76,8530,Deutschlandsberg,46.8187066,15.2274847
1250795,KMG Klagenfurt Mobil GmbH,Kirchengasse 69,9020,Klagenfurt am Wörthersee,46.6101948,14.318457399999945
1261240,Turmöl,Engerthstrasse 146,1200,Wien,48.233836,16.3910922
1264659,Diskont Tankstelle,"Bundesstraße 6 (""Hofer-Parkplatz"")",6842,Koblach,47.325984,9.629425
1264660,Turmöl Quick,Eichenstraße 2B,1120,Wien,48.1780142,16.3444115
1304099,Diskont Tankstelle,"Panzendorf 182 (""Hofer Parkplatz"")",9920,Heinfels,46.74827,12.45306
1304279,Turmöl Quick,Windbüchelgasse 2,4812,Pinsdorf,47.9375214,13.7570008
1310359,GENOL - Lagerhaus,Alberner Hafenzufahrtsstraße 17,1110,Wien,48.17277,16.47269
1317406,Turmöl,Wimbergstrasse 27,4171,St.Peter am Wimberg,48.5017483,14.0766343
1317947,Turmöl Quick,Druckereistraße 5,4810,Gmunden,47.9253052,13.7884062
1318663,Freie Tankstelle,Fisching 45,8741,Weißkirchen,47.161529,14.7363227
1329486,Turmöl Quick,Klagenfurterstraße 19,9220,Velden,46.6179668,14.0501651
1338037,Turmöl Quick,Fabrikgasse 29,8020,Graz,47.0591358,15.4265899
1339976,Turmöl Quick,Klagenfurterstraße 21,9062,Moosburg,46.6589993,14.1769673
1340146,Turmöl Quick,Gail 159,9613,Feistritz/Gail,46.5800719,13.6076839
1354660,JET TANKSTELLE,RAUTENWEG 9,1220,WIEN,48.263651,16.459702
1354663,JET TANKSTELLE,NEILREICHGASSE 39,1100,WIEN,48.174287,16.365643
1354667,JET TANKSTELLE,SIMMERINGER HAUPTSTRASSE 275,1110,WIEN,48.159966,16.43266
1354668,JET TANKSTELLE,LINZERSTRASSE 20,3300,AMSTETTEN,48.125588,14.862613
1354670,JET TANKSTELLE,TRIESTERSTRASSE 292,1230,WIEN,48.131138,16.321654
1354671,avanti - Fügen im Zillertal Zillertalstraße 14,Zillertalstrasse 14,6263,Fuegen im Zillertal,47.35141,11.85149
1354672,JET TANKSTELLE,OBERLAAERSTR. 276,1230,WIEN,48.146913,16.366831
1354673,OMV - Innsbruck Andechsstraße 83,Andechsstrasse 83,6020,Innsbruck,47.26531,11.42629
1354674,JET TANKSTELLE,PIANS 58 D,6551,PIANS,47.131173,10.506121
1354676,JET TANKSTELLE,MÜNCHER STRASSE 54,6130,SCHWAZ,47.353777,11.708531
1354677,avanti - Landeck Innstrasse 38,Innstrasse 38,6500,Landeck,47.14163,10.56352
1354679,avanti - Wörgl Salzburger Straße 48,Salzburger Strasse 48,6300,Woergl,47.49011,12.0728
1354685,JET TANKSTELLE,KARAWANKENWEG 18,9500,VILLACH,46.59817,13.848953
1354692,JET TANKSTELLE,DIESELSTRASSE 2,3362,AMSTETTEN MAUER,48.102068,14.823914
1354702,JET TANKSTELLE,HIRSCHSTETTNERSTRASSE 52,1220,WIEN,48.238087,16.460684
1354703,avanti - Weißenbach am Lech 46, 46,6671,Weissenbach am Lech,47.44138,10.64229
1354707,avanti - Krems an der Donau Förthofer Donaulände 8,Foerthofer Donaulaende 8,3500,Krems an der Donau,48.39735,15.56875
1354711,JET TANKSTELLE,LUSTENAUERSTRASSE 2,6840,GÖTZIS,47.344695,9.656679
1354712,OMV - Frauenhofen Wiener Straße 6,Wiener Strasse 6,3580,Frauenhofen,48.66569,15.63271
1354713,SCHNELL UND GUENSTIG TANKSTELLE,INDUSTRIEPARKSTRASSE 1,2130,MISTELBACH,48.560945,16.576985
1354717,JET TANKSTELLE,BAHNHOFSTR. 26,6500,LANDECK,47.150185,10.581303
1354721,JET TANKSTELLE,LINZER STRASSE 453,1140,WIEN,48.203103,16.244262
1354727,JET TANKSTELLE,KÄRNTNERSTRASSE 88,9900,LIENZ,46.831014,12.783933
1354728,avanti - Poysdorf Wiener Straße 63,Wiener Strasse 63,2170,Poysdorf,48.65948,16.62935
1354731,JET TANKSTELLE,GADNERGASSE 6,1110,WIEN,48.16679,16.410194
1354741,MAXI TANK TANKSTELLE,GUNSKIRCHNERSTRASSE 7,4600,WELS,48.147172,13.974008
1354747,JET TANKSTELLE,BUNDESSTRASSE 18,5600,ST JOHANN IM PONGAU,47.350359,13.194386
1354748,JET TANKSTELLE,HERRENAU 1,6706,BUERS,47.152278,9.814175
1354749,avanti - Krems an der Donau Bertschingerstraße 6-8,Bertschingerstrasse 6-8,3500,Krems an der Donau,48.40624,15.60365
1354750,JET TANKSTELLE,DONAUFELDER STRASSE 135,1210,WIEN,48.252498,16.426062
1354751,OMV - Schwechat S1 KM 9,S1 KM 9,2320,Schwechat,48.12249,16.4387
1354752,MAXI TANK TANKSTELLE,WALDBADSTRASSE 1,5081,ANIF,47.73775,13.068287
1354753,OMV - Wiener Neudorf IZ NÖ Süd Straße 4 Objekt 9,IZ NOe Sued Strasse 4 Objekt 9,2351,Wiener Neudorf,48.0776,16.3233
1354760,JET TANKSTELLE,BADSTUBENWEG 90,9500,VILLACH,46.631499,13.824641
1354766,JET TANKSTELLE,AN DER SCHÜTT 47,3500,KREMS,48.404642,15.655767
1354769,JET TANKSTELLE,SIMMERINGER HAUPTSTRASSE 336,1110,WIEN,48.147379,16.463011
1354775,JET TANKSTELLE,ALPENSTRASSE 165,5020,SALZBURG,47.765882,13.071171
1354777,JET TANKSTELLE,GRINDELSTRASSE 16,6890,LUSTENAU,47.419549,9.659337
1354778,OMV - Wiener Neustadt Wiener Straße 126,Wiener Strasse 126,2700,Wiener Neustadt,47.84322,16.24631
1354779,JET TANKSTELLE,HIETZINGER KAI 99,1130,WIEN,48.19022,16.289543
1354782,OMV - Loosdorf Gewerbestraße 8,Gewerbestrasse 8,3382,Loosdorf,48.19,15.409
1354784,OMV - Oberpullendorf Stoob Süd 6,Stoob Sued 6,7350,Oberpullendorf,47.50957,16.50023
1354790,JET TANKSTELLE,GEWERBEPARK 12,5161,ELIXHAUSEN,47.871096,13.065989
1354793,avanti - Gaweinstal Brünner Straße 35,Bruenner Strasse 35,2191,Gaweinstal,48.48222,16.59312
1354794,JET TANKSTELLE,KETZERGASSE 208,1230,WIEN,48.130709,16.289516
1354805,avanti - Ybbs Bahnhofstraße 13,Bahnhofstrasse 13,3370,Ybbs,48.17039,15.08587
1354807,avanti - Amstetten Wiener Straße 60,Wiener Strasse 60,3300,Amstetten,48.12263,14.88932
1354809,JET TANKSTELLE,RHEINSTRASSE 99,6971,HARD,47.47757,9.679413
1354810,avanti - Mitterau An der Bundesstraße 1,An der Bundesstrasse 1,3385,Mitterau,48.1976,15.48346
1354813,JET TANKSTELLE,INDUSTRIESTRASSE 19,2540,BAD VÖSLAU,47.976937,16.221098
1354817,JET TANKSTELLE,GASTEINER STRASSE 72,5500,BISCHOFSHOFEN,47.406171,13.217781
1354818,avanti - Ruprechtshofen Hauptstraße 24,Hauptstrasse 24,3244,Ruprechtshofen,48.13974,15.28193
1354821,JET TANKSTELLE,KAISER FRANZ JOSEF STRASSE 40,6845,HOHENEMS,47.35725,9.68315
1354822,OMV - Eisenstadt Mattersburger Straße 28,Mattersburger Strasse 28,7000,Eisenstadt,47.83317,16.52318
1354826,OMV - Sankt Pölten Mariazeller Straße 95,Mariazeller Strasse 95,3100,Sankt Poelten,48.18769,15.61753
1354828,JET TANKSTELLE,WEGSCHEIDGASSE 18,6370,KITZBÜHEL,47.450067,12.391094
1354832,JET TANKSTELLE,BUNDESSTRASSE 13,5600,ST JOHANN IM PONGAU,47.343479,13.191715
1354838,SCHNELL UND GUENSTIG TANKSTELLE,BUNDESSTRASSE 34,6063,RUM,47.277562,11.444639
1354846,JET TANKSTELLE,REICHSSTRASSE 133 A,6800,FELDKIRCH,47.247387,9.610381
1354847,avanti - Purgstall Erlauftalstraße 34,Erlauftalstrasse 34,3251,Purgstall,48.06215,15.13914
1354849,JET TANKSTELLE,BREITENFURTERSTRASSE 164,1230,WIEN,48.153886,16.301339
1354851,OMV - Lustenau Hagstraße 27,Hagstrasse 27,6890,Lustenau,47.44937,9.66475
1354853,OMV - Wolfurt Dornbirner Straße 22,Dornbirner Strasse 22,6922,Wolfurt,47.4541,9.75495
1354855,OMV - Frastanz Feldkircher Straße 47,Feldkircher Strasse 47,6820,Frastanz,47.22452,9.61744
1354857,OMV - Dornbirn Schwefel 53,Schwefel 53,6850,Dornbirn,47.42804,9.73995
1354859,OMV - Dornbirn Wallenmahd 1,Wallenmahd 1,6850,Dornbirn,47.39618,9.73126
1354860,JET TANKSTELLE,GUNSKIRCHNERSTRASSE 1,4600,WELS,48.148557,13.976701
1354863,OMV - Bregenz Arlbergstraße 135,Arlbergstrasse 135,6900,Bregenz,47.48778,9.73324
1354865,OMV - Thüringen Walgaustraße 68,Walgaustrasse 68,6712,Thueringen,47.1993,9.75582
1354872,avanti - Lustenau Bahnhofstraße 8,Bahnhofstrasse  8,6890,Lustenau,47.43888,9.65664
1354878,OMV - Lustenau Grindlstraße 14,Grindlstrasse 14,6890,Lustenau,47.42005,9.65871
1354881,JET TANKSTELLE,EUROPASTRASSE 8,5400,HALLEIN,47.684607,13.103615
1354882,avanti - Hard Hofsteigstraße 85,Hofsteigstrasse 85,6971,Hard,47.49046,9.70295
1354891,OMV - Wien Adalbert Stifter-Straße 67,Adalbert Stifter-Strasse 67,1200,Wien,48.24309,16.37535
1354892,JET TANKSTELLE,LAXENBURGER STRASSE 248,1230,WIEN,48.135681,16.356244
1354895,avanti - Wien Nordbahnstraße 1,Nordbahnstrasse 1,1020,Wien,48.22912,16.38852
1354901,avanti - Wien Gaussplatz 1,Gaussplatz 1,1020,Wien,48.22588,16.3708
1354902,JET TANKSTELLE,SCHWEFEL 44 A,6850,DORNBIRN,47.426673,9.741176
1354906,JET TANKSTELLE,RADLPASSSTRASSE 10,8510,STAINZ,46.888042,15.259575
1354907,OMV - Wien Wientalstraße/Auhofbrücke 40,Wientalstrasse/Auhofbruecke 40,1140,Wien,48.20186,16.23616
1354908,OMV - Wien Gunoldstraße 7 / Muthgasse 1,Gunoldstrasse 7 / Muthgasse 1 ,1190,Wien,48.24531,16.36578
1354910,OMV - Wien Hütteldorfer Straße 216b,Huetteldorfer Strasse 216b,1140,Wien,48.19788,16.27994
1354911,JET TANKSTELLE,ERNSTBRUNNER STRASSE 5,2130,MISTELBACH,48.560874,16.561675
1354914,OMV - Wien Breitenleer Straße Ost B302 112,Breitenleer Strasse Ost B302 112,1220,Wien,48.25141,16.47211
1354916,OMV - Wien Hirschstettner Straße 34,Hirschstettner Strasse 34,1220,Wien,48.24285,16.45645
1354918,OMV - Wien Brünner Straße 172,Bruenner Strasse 172,1210,Wien,48.28114,16.41181
1354920,OMV - Wien Brunner Straße 77-79,Brunner Strasse 77-79,1230,Wien,48.13342,16.29849
1354922,"OMV - Wien 7. Haidequerstraße 2 KM 1,5","7. Haidequerstrasse 2 KM 1,5",1110,Wien,48.18187,16.44451
1354924,OMV - Wien Gablenzgasse 109,Gablenzgasse 109,1150,Wien,48.20685,16.31374
1354929,OMV - Wien Laaer Berg-Straße 240,Laaer Berg-Strasse 240,1100,Wien,48.14818,16.39664
1354930,JET TANKSTELLE,LEOPOLDAUERSTRASSE 40,1210,WIEN,48.25895,16.41139
1354933,OMV - Wien Leberstraße 112-114,Leberstrasse 112-114,1110,Wien,48.17,16.40953
1354935,avanti - Wien Simmeringer Hauptstraße 489,Simmeringer Hauptstrasse 489,1110,Wien,48.14844,16.46228
1354937,OMV - Wien Groß-Enzersdorfer Straße 24-26,Gross-Enzersdorfer Strasse 24-26,1220,Wien,48.21686,16.49345
1354938,JET TANKSTELLE,AN DER WESTUMFAHRUNG 32,4810,GMUNDEN,47.934574,13.786489
1354939,avanti - Wien Prager Straße 270-272,Prager Strasse 270-272,1210,Wien,48.28664,16.38404
1354941,avanti - Wien Edelsinnstraße 16,Edelsinnstrasse 16,1120,Wien,48.1724,16.31949
1354942,JET TANKSTELLE,JEDLETZBERGERSTRASSE 18,1110,WIEN,48.168847,16.459643
1354944,OMV - Wien Triester Straße 38,Triester Strasse 38,1100,Wien,48.1774,16.35653
1354946,avanti - Wien Brünner Straße 420,Bruenner Strasse 420,1210,Wien,48.31144,16.43012
1354948,JET TANKSTELLE,WALLENMAHD 22,6850,DORNBIRN,47.39649,9.731134
1354949,avanti - Wien Eichenstraße 3a,Eichenstrasse 3a,1120,Wien,48.17824,16.34598
1354951,avanti - Wien Esslinger Hauptstraße 32,Esslinger Hauptstrasse 32,1220,Wien,48.2145,16.51461
1354953,avanti - Wien Guldengasse 13,Guldengasse 13,1140,Wien,48.1953,16.28135
1354954,JET TANKSTELLE,RAXSTRASSE 5,1100,WIEN,48.165249,16.365198
1354955,avanti - Wien Heiligenstädter Straße 196,Heiligenstaedter Strasse 196,1190,Wien,48.28511,16.34549
1354956,JET TANKSTELLE,ÜBERLÄNDSTRASSE 2,3442,LANGENROHR,48.318436,16.02148
1354957,avanti - Wien Neuhaufenstraße 148,Neuhaufenstrasse 148,1220,Wien,48.21808,16.44649
1355334,Diskont Tankstelle,"Badstubenweg 80 (""Hofer-Parkplatz"")",9500,Villach,46.631153,13.8226038
1374746,Turmöl Quick,Salzachtalstraße 16,5400,Hallein,47.6822599,13.1004595
1414526,Turmöl Quick,Grieskirchnerstraße 118,4600,Wels,48.1807644,14.0187608
1428007,Isbary Bioland,Brunnrotte 7,3212,schwarzenbach,47.946207,15.383815
1431727,Martin Mosonyi,"Dammweg, 14",7163,Andau,47.767205,17.027824
1460806,Diskont Tankstelle Langauen ,B100,9500,VILLACH,46.636393,13.814563
1463026,Diskont Tankstelle,"35. Straße 2 (""Hofer Parkplatz"") ",3331,Kematen an der Ybbs,48.037782,14.778013
1467380,avanti - Dornbirn Lustenauer Straße 24,Lustenauer Strasse 24,6850,Dornbirn,47.40698,9.73476
1467404,D.Gertl Tankstelle GmbH,x,6241,Radfeld,47.4517224,11.9360568
1467446,Turmöl,Bennoplatz 4,1080,Wien,48.2120591,16.3420486
1467506,Eni Laakirchen,Johannes Humer-Straße,4663,Laakirchen,48.005425,13.845045
1467527,Genol-Lagerhaustankstelle - Oberpullendorf,Eisenstädter Strasse 24,7350,OBERPULLENDORF,47.4991041,16.5123905
1467528,GENOL-Lagerhaustankstelle - Horitschon,Hauptstrasse 99,7312,HORITSCHON,47.591404,16.539313
1467529,GENOL-Lagerhaustankstelle - Baumgarten,Wr. Neustädterstrasse 16,7021,BAUMGARTEN,47.7397191,16.4972385
1467530,GENOL-Lagerhaustankstelle - Stöttera,Hauptstrasse 76,7023,STÖTTERA,47.769764,16.463945
1467531,GENOL-Lagerhaustankstelle - Wiesen,Sauerbrunnerstrasse 17,7203,WIESEN,47.7407549,16.337871
1467532,GENOL-Lagerhaustankstelle - Drassmarkt,Herrschaftsgarten,7372,DRASSMARKT,47.508672,16.619671
1467534,GENOL-Lagerhaustankstelle - Grosswarasdorf,Martin Merischstrasse 8,7304,GROSSWARASDORF,47.538084,16.561262
1467535,GENOL-Lagerhaustankstelle - Lutzmannsburg,Hauptstrasse 3,7361,LUTZMANNSBURG,47.463601,16.632107
1467536,GENOL-Lagerhaustankstelle - Nikitsch,Hauptstrasse 173,7302,NIKITSCH,47.542616,16.658627
1467537,GENOL-Lagerhaustankstelle - Wulkaprodersdorf,Am Bahnhof,7041,WULKAPRODERSDORF,47.81961,16.505585
1467568,Pamer GmbH,Fabrikweg 26,2424,Zurndorf,47.9805003,17.0059708
1467569,Pamer GmbH,Scheunengasse 2,2425, Nickelsdorf,47.9386394,17.07018
1467606,JET TANKSTELLE,GEWERBESTRASSE 19,4072,ALKOVEN,48.28957,14.130639
1467607,JET TANKSTELLE,FRAUENTALER STRASSE 97,8530,DEUTSCHLANDSBERG,46.821138,15.233346
1467627,AVIA-Tankstelle Stock,Vorderlanersbach 5,6293,Tux,47.160297,11.7587452
1467628,Turmöl Quick,Wiedweg 29,9564,Patergassen,46.8176748,13.8601095
1467697,Petschl / Riegler Tankstelle,Neudorf 36,4363,Pabneukirchen,48.331486,14.832237
1467750,24 tanken + shop,Teichweg 3,3250,Wieselburg,48.1253328,15.1490977
1467911,Teubl Baustoffe HandelsgesmbH / Autowascharena Fürstenfeld,Körmenderstraße 27,8280,Fürstenfeld,47.053533,16.08086
1467928,Turmöl Quick,Wachaustraße 13,3500,Krems,48.412242,15.608987
1467986,PINK Sparen beim Fahren,33. Straße 1,3331,Kematen an der Ybbs,48.027572,14.768701
1468110,Diskont Kaier,Wolfsberg 8,8421,Schwarzautal,46.8446231,15.6580187
1468126,BP,Breitenfurterstr. 112,1120,Wien,48.160527,16.309543
1468154,eww-Tankstation,Wiesenstrasse 39,4600,Wels,48.16201,14.037198
1468186,TS Lind Wings,Rennsteinerstraße 34,9500,Villach,46.6237261,13.8435376
1468468,Turmöl Quick,Gewerbepark 2a,8792,St. Peter-Freienstein,47.395417,15.037011
1468726, AVIA Xpress (Automaten-Tankstelle),10.-Oktober-Straße 29,9560,Feldkirchen in Kärnten,46.722217,14.098879
1468800,Welog - Landespartner des Burgenlands,Obere Hauptstraße 230,7535,St. Michael im Burgenland,47.136327,16.272085
1468806,DISKONT TANKSTELLE WIEN 22,Erzherzog-Karl-Straße 12,1220,Wien,48.238192,16.432431
1469026,Direct,Tullner Straße 15a,3442,Asparn,48.322172,16.025357
1469126,Turmöl Quick,Breitenfurterstraße 473,1230,Wien,48.137832,16.257546
1469186,JET TANKSTELLE,GLEICHENBERGER STRASSE 75,8330,FELDBACH,46.94948,15.909504
1469206,AVIA ,Stöckl-Allee 15,4755,Zell an der Pram,48.310872,13.629899
1469347,Turmöl Quick,Landstraße 25,4652,Steinerkirchen,48.079328,13.96139
1469406,JET TANKSTELLE,PRAGERSTRASSE 138,1210,WIEN,48.278186,16.388013
1469506,Turmöl Quick,Hardtmuthgasse 51,1100,Wien,48.170174,16.370448
1469546,avanti - Wien Jedletzbergerstraße 7,Jedletzbergerstrasse 7,1110,Wien,48.17054,16.45797
1469646,Turmöl,Hollergasse 7,1150,Wien,48.185346,16.324959
1469666,BayWa Tankstelle,Scheibenstraße 2,6923,Lauterach,47.46296,9.72747
1469726,Turmöl Quick,Großreifling 85,8931,Großreifling,47.665699,14.716091
1469766,EVM - Biomethan Tankstelle,Energiestraße 9,2433,Margarethen am Moos,48.047635,16.605493
1469786,Lagerhaus Tankstelle Matrei,Seblas 17,9971,Matrei in Osttirol,46.981732797028485,12.549961697284306
1469807,Turmöl Tankstelle,Obere Hauptstraße 174,7537,Neuberg,47.184775,16.248481
1469926,MBR Tankstelle GmbH,Bundesstraße 9,8472,Spielfeld,46.695427,15.637917
1469987,Gerhard Prugger Maltatal Diskont,Malta 175,9854,Malta,46.949817,13.509007
1470006,Plöckinger KG,"Staufstraße, 3",4083,Haibach ob der Donau,48.40810469142028,13.91798805936413
1470026,M3 St. Lorenzen,Mühlweg 13,8642,St. Lorenzen,47.470052,15.351639
1470126,M3 Drautank,Karawankenweg 17,9500,Villach,46.597852,13.850062
1470186,Diskont Tankstelle,"Dalistraße 2 (""Hofer-Parkplatz"")",4600,Wels,48.183581,14.025047
1470267,Diskont Tankstelle,"Donaufelderstraße 137 (""Hofer-Parkplatz"")",1210,Wien,48.252459,16.427015
1470647,AVIA XPress ,69,3621,Mitterarnsdorf,48.364278,15.431873
1470767,Pürrer Trans GmbH.,Weißes Kreuz 100,2851,Krumbach,47.541153,16.154808
1470867,ENI Stumm ,Gewerbegebiet 6,6275,Stumm ,47.29034628764583,11.88055119320892
1471047,Treibstoffparadies,Gewerbepark Ost 1,8504,Preding,46.85349,15.40998
1471227,Tankstelle Gewerbepark ,Gewerbepark 5,5611,Großarl,47.22868096423599,13.198833790507829
1471267,Tankshop Sabotnig,Plescherken 62 a,9074,Keutschach/See,46.58772169917432,14.141038821702509
1471848,Glocknertankstelle,"Pockhorn, 29",9844,Heiligenblut,47.02351163016087,12.862333834713704
1471887,PRORast Loipersdorf,Loipersdorfer Hauptstraße,8282,Bad Loipersdorf,47.00569,16.11257
1471927,Turmöl Quick,St. Martiner Straße 124,9500,Villach,46.62518,13.82178
1471947,Eni Sillian,Tassenbach 157,9920,Sillian,46.748797,12.463799
1471968,Turmöl - Sparexpress,Aignerstrasse 22,5020,Salzburg,47.797207,13.0674354
1471987,Autohaus Resch GmbH,"Wolfgangseestraße, 2",5350,Strobl,47.71312072192956,13.486561730101547
1471988,FS Tankstelle,Brünner Straße 64,1210,Wien,48.265778603571135,16.403233581540622
1472007,Turmöl Quick,Dr. Franz-Thomas-Straße 22a,4810,Gmunden,47.90907,13.78402
1472008,FS Tankstelle,Donaufelderstr.128,1210,Wien,48.25236,16.42563
1472047,Tankstelle 2 Löwen,Igo-Etrich Straße,8605,Kapfenberg,47.466246623852925,15.337758981543928
1472147,Turmöl Quick,Altmannsdorfer Straße 96,1120,Wien,48.1618,16.31747
1472167,Strohmeier Tankstelle,Am Hundsturm 2-4,1050,Wien,48.18770411709912,16.347106271499914
1472407,Diskont Tankstelle,"Kärntner Straße 27 (""Hofer-Parkplatz"")",9500,Villach,46.59742,13.83869
1472468,BP,Wald 1,6306,Söll,47.499353700336,12.188358029358724
1472469,BP Express,Hauptstraße 30,9871,Seeboden,46.816626615483926,13.510082828893102
1472647,Turmöl Quick,Drautal Bundesstraße 4,9990,Lienz,46.82868,12.80849
1472667,Horvath,58,8293,Wörth an der Lafnitz,47.21177493586743,16.082845663465502
1472687,JET TANKSTELLE,ERMELINDE-KOCH-STRASSE 2,9560,FELDKIRCHEN,46.73206,14.09377
1472908,Turmöl Leombach,Leombach 15,4621,Sipbachzell,48.12351,14.093419
1472948,SARA1 ENERGY,Industriestraße-Nord 1,2601,Sollenau,47.90763,16.25316
1473027,EnergieBox,Bahnhofsiedlung 87,2042,Grund,48.64475,16.04857
1473128,Diskont Tankstelle,"Wien Breitenfurter Strasse 261 (""Hofer-Parkplatz"")",1230,Wien,48.1506803,16.3016662
1473288,Direct,Liese Prokop-Straße 2,3180,Lilienfeld,48.01419,15.5965
1473349,Turmöl,Gmundnerstraße 21,4651,Stadl Paura,48.085748,13.873977
1473369,Turmöl,Bahnhofstraße 46,4810,Gmunden,47.92534,13.7871
1473409,Turmöl,Salzburgerstraße 90,5500,Bischofshofen,47.424963,13.214529
1473468,Diskont Tankstelle,"Garnei 208 (""Hofer-Parkplatz"")",5431,Kuchl,47.638523,13.137367
1473480,Turmöl,Eggersdorferstraße 6,3300,Amstetten,48.1217651,14.8729951
1473491,Turmöl,Pragerstraße 155,1210,Wien,48.276582,16.388104
1473508,Diskont Tankstelle,"Alpenstrasse 102 (""Hofer-Parkplatz"")",5081,Anif,47.7382713,13.0508116
1473548,Turmöl Quick,Bundesstraße 65,9551,Bodensdorf,46.67948,13.96843
1473551,Turmöl,Krottenbachstraße 233,1190,Wien,48.2456615,16.3164295
1473750,BP,Gewerbegebiet 1,6611,Heiterwang,47.435845,10.767215
1473788,Turmöl Quick,Konrad Lesiak Platz 6,5340,St. Gilgen,47.76441,13.36409
1473828,Turmöl,Grenzackerstraße 2-4,1100,Wien,48.162894,16.379636
1473829,Turmöl,Laaer Bergstraße 207,1100,Wien,48.15160789,16.3968349
1473830,Turmöl,Absberggasse 26,1100,Wien,48.17106,16.388597
1473838,Strohmeier Tankstelle,Am Hundsturm 2-4,1050,Wien,48.187799,16.34712
1473848,Diskont Tankstelle,"Ernstbrunnerstraße 2 (""Hofer Parkplatz"")",2130,Mistelbach,48.5609853,16.5597662
1473888,Diskont Tankstelle,"Königstetter Strasse 148 (""Hofer-Parkplatz"")",3430,Tulln,48.3193484,16.0829742
1473908,Turmöl Quick,Welser Straße 70,4623,Gunskirchen,48.1378,13.9568
1473929,Turmöl Judenburg,Burggasse 42,8750,Judenburg,47.16888851208108,14.65430780513867
1473948,Diskont Tankstelle,"Barnabas-Fink-Strasse 1 (""Hofer-Parkplatz"")",6845,Hohenems,47.366974,9.670367
1473968,eni24,Hauptstrasse 38,2351,Wiener Neudorf,48.086212,16.318213
1474028,Diskont Tankstelle ,"Schörflinger Strasse 20 (""Am Hofer Parkplatz"")",4844,Regau,47.981721,13.698792
1474075,eni,Salzburger Strasse 23,6380,St.Johann,47.52709,12.42416
1474081,eni,Innsbruckerstrasse 29,6230,Brixlegg,47.43262,11.87891
1474089,eni,Zeller Bundesstrasse 1a,5760,Saalfelden,47.427965,12.842227
1474095,eni,Schallmooser Hauptstrasse 54,5020,Salzburg,47.807711,13.062374
1474100,eni,Urstein Nord 15,5412,Puch bei Hallein,47.732187,13.086187
1474105,eni,Langgasse 118a,6830,Rankweil,47.27182,9.61785
1474107,eni,Schwefel 70a,6850,Dornbirn,47.42974,9.73995
1474108,eni,Rheinstrasse 20,6971,Bregenz-Hard,47.488611,9.702186
1474128,eni,Kärntnerstrasse 84,9900,Lienz,46.83117595,12.78306752
1474167,eni,Lustenauerstrasse 52,6850,Dornbirn,47.4104,9.72079
1474197,eni,Huben 40,9971,Matrei in Osttirol,46.9346,12.575
1474207,eni,Huttengasse 73-75,1160,Wien,48.21114,16.31069
1474210,eni,Grenzackerstrasse 6-8,1100,Wien,48.163473,16.377225
1474212,eni,Rautenweg 13,1220,Wien,48.263207,16.461068
1474214,eni,Biberhaufenweg 115,1220,Wien,48.202378,16.473838
1474215,eni,Breitenfurter Strasse 325-327,1230,Wien,48.14312,16.29248
1474217,eni,Bonygasse /Ruckergasse,1120,Wien,48.179079,16.326542
1474218,eni,Althanstrasse 14,1090,Wien,48.229354,16.358291
1474219,eni,Jägerstrasse 60,1200,Wien,48.235,16.37054
1474238,eni,Wiener Strasse 304,8051,Graz,47.098039,15.404107
1474250,eni,Pirching 97,8200,Hofstätten a. d. Raab,47.089452,15.73237
1474253,eni,Gewerbepark Nord Nr. 11,8431,Gralla,46.80548,15.56009
1474268,eni,Oberegging 54,3254,Bergland,48.158477,15.111832
1474271,eni,Braitnerstrasse 62a,2500,Baden,48.001929,16.241614
1474279,eni,Handelskai 388a,1020,Wien,48.2032,16.4358
1474280,eni,Oberzellergasse 2a,1030,Wien,48.193838,16.396971
1474283,eni,Kaiserebersdorferstrasse 48,1110,Wien,48.167349,16.426899
1474286,eni,Raxstr./Windtenstrasse vis a vis 31,1100,Wien,48.1676,16.3551
1474287,eni,Breitenfurterstrasse 215,1230,Wien,48.156939,16.305341
1474288,eni24,Felberstraße vis a vis 102,1150,Wien,48.193432,16.321006
1474289,eni,Gersthofer Strasse Nr. 2b,1180,Wien,48.226999,16.326521
1474290,eni,Krottenbachstrasse 32-34,1190,Wien,48.2407,16.3393
